ID_Valvula,Diametro_mm,Peso_g,Presion_bar,Temperatura_C,Dureza_HRC,Tiempo_ciclo_s,Error_AE,Anomalia_AE,Anomalia_Excel,n_sensores_fuera_Excel,fuera_Diametro_mm,fuera_Peso_g,fuera_Presion_bar,fuera_Temperatura_C,fuera_Dureza_HRC,fuera_Tiempo_ciclo_s,contrib_Diametro_mm_pct,contrib_Peso_g_pct,contrib_Presion_bar_pct,contrib_Temperatura_C_pct,contrib_Dureza_HRC_pct,contrib_Tiempo_ciclo_s_pct
L076,25.8,157.35,45.48,876.91,48.83,7.11,17.7473121908023,SI,SI,1,NO,NO,NO,NO,NO,SI,0.030136336096274356,0.0456761693706256,0.2519778589156613,0.13396819138128294,0.3095161092832351,99.22872533495293
L075,25.59,153.59,42.33,856.9,46.9,7.42,17.089232170265536,SI,SI,1,NO,NO,NO,NO,NO,SI,0.06000706034757211,0.09365784624924767,0.00852184631897689,0.022565029934317388,0.20884611229582878,99.60640210485406
L079,24.99,153.83,70.88,857.96,45.43,11.84,14.856061201816106,SI,SI,1,NO,NO,SI,NO,NO,NO,1.498694483573206,2.9017078413442596,90.39047729110655,1.5131312610748164,3.6706125612700173,0.025376561631151616
L084,24.22,143.34,66.87,832.28,42.72,12.09,14.006704899963786,SI,SI,1,NO,NO,SI,NO,NO,NO,3.678750169493781,6.4421082044925795,80.97389953879393,4.195131123323069,4.5483092539265035,0.16180170997012241
L078,24.4,198.5,37.85,836.49,43.36,11.9,13.177240096123073,SI,SI,1,NO,SI,NO,NO,NO,NO,1.3965082096217245,93.86240501128222,0.3046018097369629,1.9907513456262769,1.8340613033511275,0.611672320381679
L074,23.68,93.02,33.73,822.81,41.03,12.16,12.167544729291299,SI,SI,1,NO,SI,NO,NO,NO,NO,1.535643689518207,83.64780692133453,3.598430504342826,2.5307631543391778,2.016054280271221,6.671301450194047
L071,24.37,192.25,37.35,833.19,42.96,12.87,11.949969462085166,SI,SI,1,NO,SI,NO,NO,NO,NO,0.3831267824421105,96.82707162794237,0.0039533920888975066,0.8016177987567037,0.37080813955528513,1.6134222592146614
L073,24.52,100.65,37.03,836.83,43.46,12.42,10.397643206380573,SI,SI,1,NO,SI,NO,NO,NO,NO,2.889573852512465,88.09270107656067,2.9843875822335115,2.374929669782012,2.876865158067939,0.7815426608433947
L077,26.13,156.72,45.75,868.23,47.98,8.34,9.43556685821139,SI,SI,1,NO,NO,NO,NO,NO,SI,0.47693592393935147,0.08862997537505309,0.8861140272785868,0.005786392763973333,0.15676870013074862,98.38576498051228
L083,26.28,160.47,46.22,885.0,49.33,8.49,7.727576067548019,SI,SI,1,NO,NO,NO,NO,NO,SI,1.2140257175134789e-05,0.14123838599623775,0.2953719668801919,0.3605481826050916,0.11756361570655445,99.08526570855474
L072,25.62,152.31,43.51,863.82,47.25,14.65,7.362699601745018,SI,SI,1,NO,NO,NO,NO,NO,SI,8.589416651280823,1.4053531025620527,4.977401079938659,6.333072631840877,5.5308924096321475,73.16386412474543
L082,21.37,160.62,43.7,868.45,47.67,11.74,7.1157723096726455,SI,SI,1,SI,NO,NO,NO,NO,NO,94.27819162171883,1.3005355340756657,2.444431895531938,0.28616063232435596,0.23475104004558422,1.4559292763036358
L081,25.01,150.51,41.1,751.65,45.53,12.1,5.825451924948992,SI,SI,1,NO,NO,NO,SI,NO,NO,1.550278766135834,1.7038785931804459,2.6706464183654304,91.07915417809514,2.751442036944306,0.244600007278872
L085,24.97,148.69,38.77,845.6,31.69,12.26,5.681259361846647,SI,SI,1,NO,NO,NO,NO,SI,NO,1.1925655587969952,0.44654799883642887,0.07740246446832191,0.4575111745334341,97.78903729472903,0.03693550863578679
L080,23.95,144.09,54.18,829.16,42.44,12.3,4.832771415159016,SI,SI,1,NO,NO,SI,NO,NO,NO,7.619338946203467,2.96889928546482,81.69104882286356,4.442855666425077,2.90500597672924,0.3728513023138118
L099,25.71,146.66,44.68,882.65,41.84,12.36,1.763097154218844,SI,NO,0,NO,NO,NO,NO,NO,NO,6.193982281320586,9.868231684315399,11.50241323907534,28.597500649021843,32.4434727477377,11.394399398529123
L100,24.09,156.32,34.39,858.87,47.59,11.91,1.463007235507866,SI,NO,0,NO,NO,NO,NO,NO,NO,18.1398156676622,18.99869577623604,26.090025289155605,5.818741269076117,25.57067568458929,5.38204631328075
L092,25.5,144.39,47.06,857.59,44.16,12.68,1.419707276081566,SI,NO,0,NO,NO,NO,NO,NO,NO,1.4273104693984315,9.737028882424095,47.27574727895387,0.38540918542460284,2.6629089420189316,38.51159524178008
L091,24.78,156.79,35.12,833.46,46.95,11.89,1.2351924638404062,SI,NO,0,NO,NO,NO,NO,NO,NO,0.09487899846735097,39.81244739602078,20.525212335965467,5.386007228077223,28.096816574841146,6.08463746662805
L087,25.48,139.86,34.39,850.21,45.3,12.57,1.225571761888781,SI,NO,0,NO,NO,NO,NO,NO,NO,23.279013794238082,26.997681358785318,27.08299432648741,4.5373910871341625,6.620405063229153,11.482514370125873
L093,25.16,142.6,35.42,855.58,42.25,11.58,1.0469390154286886,SI,NO,0,NO,NO,NO,NO,NO,NO,4.46537013091141,17.153903324556122,26.10661405304042,9.010985304068988,15.952097231158179,27.311029956264896
L086,24.63,149.25,41.06,871.91,42.2,12.18,0.719055574113351,SI,NO,0,NO,NO,NO,NO,NO,NO,8.693107442000576,1.7348974314898482,1.4774060982254236,42.767360445895605,43.416045826471304,1.9111827559172418
L045,26.05,160.01,44.98,881.81,49.34,12.13,0.4610877717055855,NO,NO,0,NO,NO,NO,NO,NO,NO,7.845353186416932,2.6964430090132496,5.360657863411012,12.991342687494967,10.815232713805598,60.29097053985826
L094,25.44,149.24,37.8,843.66,42.23,12.07,0.43027007128355627,NO,NO,0,NO,NO,NO,NO,NO,NO,20.69997140380143,0.26064845047340934,19.320025748046877,1.3739977175281086,58.24276369837127,0.10259298177891135
L098,25.18,157.85,41.62,852.14,43.57,12.21,0.4094500991156776,NO,NO,0,NO,NO,NO,NO,NO,NO,0.7849808556416235,50.07798503397953,3.3620687502382225,0.5557866843727858,36.67497246848858,8.544206207279267
L089,25.69,150.92,41.62,877.11,45.36,12.05,0.3854188487177503,NO,NO,0,NO,NO,NO,NO,NO,NO,7.888131959354092,11.842822447416363,1.6147998339383558,45.52121168422321,10.866202365658387,22.266831709409594
L090,24.86,154.52,38.17,837.05,43.94,11.94,0.34858346037414306,NO,NO,0,NO,NO,NO,NO,NO,NO,0.46212229473739247,72.08382310198958,6.070276806199894,9.965680398689308,0.833520949846505,10.584576448537339
L066,24.33,141.92,35.12,830.76,42.82,11.84,0.3393473217147902,NO,NO,0,NO,NO,NO,NO,NO,NO,0.019379311550299358,11.877510678603558,12.698790597252739,1.151642000108397,0.09978639947358499,74.15289101301141
L015,25.92,153.8,43.78,864.85,47.43,12.16,0.3341879995256403,NO,NO,0,NO,NO,NO,NO,NO,NO,22.623927081855513,0.33795749299409356,8.2345869799513,0.5573355105720103,7.075457883695791,61.17073505093129
L097,25.1,148.71,41.83,837.42,46.26,12.38,0.3169004479492899,NO,NO,0,NO,NO,NO,NO,NO,NO,0.09007406610291707,0.016430521368770563,14.948320192929113,29.615311730535517,25.132852300761737,30.197011188301943
L003,25.1,150.36,41.11,838.77,46.65,11.6,0.3124732945698594,NO,NO,0,NO,NO,NO,NO,NO,NO,4.521759753538373,0.1259584264731819,0.0449622054588902,55.14194512113826,19.24794163480988,20.917432858581414
L026,25.79,152.29,41.62,864.38,45.61,12.23,0.2943989831327119,NO,NO,0,NO,NO,NO,NO,NO,NO,35.68918679149915,0.00044889425475660327,0.007857808076109123,10.900409405495024,0.7988506084622733,52.60324649221268
L037,25.11,148.67,39.1,849.66,44.7,12.62,0.27469614410298654,NO,NO,0,NO,NO,NO,NO,NO,NO,6.922604506495126,0.21496400943364594,1.6446671627140914,5.317531541908471,0.5547328418640438,85.34549993758462
L056,23.78,143.13,37.63,828.87,40.75,12.71,0.24588070708746657,NO,NO,0,NO,NO,NO,NO,NO,NO,11.120295197881486,2.7516014670770166,54.1438984632089,2.1956238885754695,17.115654423344658,12.672926559912472
L038,26.49,164.91,48.33,899.09,51.05,10.84,0.24557957796048427,NO,SI,1,NO,NO,NO,SI,NO,NO,39.83139728662339,0.02640624533859346,7.502436450838484,10.498987481410412,0.1273279907661856,42.01344454502294
L095,25.48,151.54,43.69,846.22,44.56,11.64,0.24408507948302674,NO,NO,0,NO,NO,NO,NO,NO,NO,5.193563528282727,0.10176001408503356,30.729572848905587,33.56835178441039,21.068293861418123,9.338457962898152
L022,25.68,157.45,44.65,876.73,47.12,12.08,0.2432727842196595,NO,NO,0,NO,NO,NO,NO,NO,NO,2.032623100097247,0.2924399242766163,19.825984960670347,23.546170469188418,3.115950933956375,51.186830611811004
L050,24.31,141.87,37.81,828.38,42.63,12.83,0.24262207153234785,NO,NO,0,NO,NO,NO,NO,NO,NO,1.2108215979805477,8.853692856553723,20.871422937411754,1.9020548680007638,0.607939380913711,66.55406835913949
L063,25.05,150.61,40.19,856.34,45.24,12.49,0.22147675464312785,NO,NO,0,NO,NO,NO,NO,NO,NO,1.0615066517710725,3.6654797955092424,0.11101751337886222,20.18568004279733,4.8595830394365285,70.11673295710698
L046,24.94,153.67,42.59,860.38,46.89,12.29,0.22021665168442292,NO,NO,0,NO,NO,NO,NO,NO,NO,8.24388966047018,2.6888746005645783,19.33397541308338,7.848606201131692,22.642212338716064,39.24244178603412
L053,25.31,151.49,40.6,849.95,45.29,11.41,0.1992620011945064,NO,NO,0,NO,NO,NO,NO,NO,NO,1.128675580369117,1.2179725750982908,9.277359910954138,20.386093430975386,2.357010670685733,65.63288783191733
L032,25.94,160.48,44.76,879.25,48.77,10.98,0.18397220459366959,NO,NO,0,NO,NO,NO,NO,NO,NO,25.238801881386223,2.873636687857174,1.592341977856248,0.013257640951346959,0.8759933432709487,69.40596846867805
L054,24.53,146.0,38.14,842.68,43.29,11.8,0.17256232844845365,NO,NO,0,NO,NO,NO,NO,NO,NO,5.696609941458633,5.267967357450023,3.346463393541557,0.7682197963700209,7.626772135188701,77.29396737599107
L039,24.51,146.59,38.39,842.7,43.52,11.78,0.17184893094831408,NO,NO,0,NO,NO,NO,NO,NO,NO,8.401578433287433,1.6834833016854216,1.3840686242728366,0.5877039512736012,3.328366600861299,84.61479908861942
L088,25.66,154.8,41.61,864.34,48.43,11.86,0.15851617066444398,NO,NO,0,NO,NO,NO,NO,NO,NO,5.052791327907611,0.04995406252129699,11.990545831353332,0.036153538929994324,65.25756846484101,17.612986774446757
L067,24.33,146.65,38.89,843.96,41.81,12.24,0.1556796022481326,NO,NO,0,NO,NO,NO,NO,NO,NO,7.325921091370673,2.091015409650118,15.36813729440931,19.598076713588895,55.30826985231902,0.3085796386619861
L062,24.82,146.37,38.79,842.16,43.56,12.57,0.15394561929887374,NO,NO,0,NO,NO,NO,NO,NO,NO,10.547028593059853,1.3864759493174728,0.9312622750133687,1.3272748502258918,0.69734598567784,85.11061234670557
L006,25.87,156.07,43.65,861.59,46.67,11.98,0.15348862985023579,NO,NO,0,NO,NO,NO,NO,NO,NO,37.27246417056242,2.9967533307340255,12.142358225608353,3.5696591658666343,1.826138242592275,42.19262686463628
L096,24.33,145.64,40.18,834.66,44.54,12.15,0.15287262183268954,NO,NO,0,NO,NO,NO,NO,NO,NO,21.183344411689195,5.682572233467355,37.6006145082745,13.084588869001681,20.727874950775252,1.7210050267920323
L034,23.76,138.32,34.17,816.67,40.11,12.38,0.14336253222705436,NO,NO,0,NO,NO,NO,NO,NO,NO,0.1494407111851459,12.481390370072438,7.621364055375617,5.638456133941482,20.82080130221271,53.28854742721261
L018,25.4,154.39,43.52,865.09,48.45,11.38,0.1409308405924267,NO,NO,0,NO,NO,NO,NO,NO,NO,25.55576571603931,11.320352387291182,0.5157256532607318,4.902152627377869,31.924617606285594,25.78138600974532
L040,26.13,160.74,45.64,876.56,48.84,11.02,0.1369643613643328,NO,NO,0,NO,NO,NO,NO,NO,NO,14.225824986346066,4.520417827866122,1.4442721339938633,6.469014862020097,1.6869292590044898,71.65354093076937
L019,24.99,153.19,40.02,855.5,46.38,11.64,0.13694022379785528,NO,NO,0,NO,NO,NO,NO,NO,NO,28.05650989369,1.742654667560043,33.010657042119114,2.203977054081622,6.431482013349497,28.55471932919973
L004,24.43,148.76,36.26,840.62,44.25,12.22,0.13611769297108486,NO,NO,0,NO,NO,NO,NO,NO,NO,1.0758206490363076,36.91617032371525,27.738952694388804,5.755186651436501,27.16770090754004,1.3461687738830888
L047,24.16,141.07,35.44,830.88,41.69,12.85,0.13344612427117356,NO,NO,0,NO,NO,NO,NO,NO,NO,4.803038362893064,5.573632813935114,2.9829289990864614,10.67064614006561,0.5049691943368316,75.46478448968291
L001,25.45,153.04,43.3,862.53,48.27,11.81,0.1251490133355063,NO,NO,0,NO,NO,NO,NO,NO,NO,2.8480164901612093,16.498078248645697,5.006399134638726,2.1770319845385258,60.74195059022313,12.728523551792717
L014,24.63,147.74,39.25,841.58,44.38,12.51,0.12107422755412893,NO,NO,0,NO,NO,NO,NO,NO,NO,0.14295033580346708,2.279342097069802,6.390211690186339,0.3445248695150511,11.471212503003573,79.37175850442176
L057,25.34,154.04,41.23,857.29,46.86,11.45,0.11259439120424701,NO,NO,0,NO,NO,NO,NO,NO,NO,10.355820370237627,0.7251840581889842,24.753549760393526,16.783107218973914,4.757261328365767,42.62507726384018
L060,26.03,159.33,47.01,875.18,49.14,11.21,0.10680174576603445,NO,NO,0,NO,NO,NO,NO,NO,NO,10.425678380905604,1.81525103149295,58.48257692996162,13.585734041256867,0.43216523412743296,15.258594382255534
L052,25.96,158.17,46.04,879.1,47.85,11.62,0.10677775402975274,NO,NO,0,NO,NO,NO,NO,NO,NO,1.6471228226137222,4.592044975458964,49.6003638141568,9.384458765550034,16.22627410252189,18.54973551969858
L020,24.11,142.57,35.44,830.75,43.72,12.56,0.10568875450209904,NO,NO,0,NO,NO,NO,NO,NO,NO,1.2201354654043803,2.3413976465849307,1.4219255596129485,1.229542094151807,83.03508286547368,10.751916368772239
L025,26.76,164.3,48.58,891.62,52.07,11.33,0.10524543698486351,NO,SI,1,NO,NO,NO,NO,SI,NO,3.179139156684459,1.08312947651027,34.728988835948016,0.37255296855444875,39.66726959171078,20.96891997059204
L016,26.1,158.02,45.72,878.62,47.83,11.13,0.10464177641991901,NO,NO,0,NO,NO,NO,NO,NO,NO,3.3366447969232773,1.681094092957674,13.46162390209675,1.5187212363989264,22.267841363990396,57.73407460763298
L030,24.56,147.8,38.17,830.55,43.8,12.04,0.0937546837268479,NO,NO,0,NO,NO,NO,NO,NO,NO,0.04142119948833197,9.776852095880441,0.04037282020390384,56.253919147045096,2.6875188872094204,31.1999158501728
L017,25.27,150.22,41.79,856.78,45.52,12.19,0.0929770030882352,NO,NO,0,NO,NO,NO,NO,NO,NO,6.699423660723248,6.876687626128238,11.116973485479923,6.508544333972919,1.0158509174398858,67.78251997625578
L024,25.0,147.3,38.9,851.52,44.54,12.33,0.09074512807368364,NO,NO,0,NO,NO,NO,NO,NO,NO,5.90326212062623,6.678037958627192,8.366512391140581,33.97629490440874,0.23100582392628918,44.84488680127098
L002,24.44,143.58,36.44,833.82,42.16,12.66,0.08977081826500877,NO,NO,0,NO,NO,NO,NO,NO,NO,15.922056093699789,1.242475476592128,0.2824101309194138,3.385459666915999,6.318252631972028,72.84934599990065
L011,25.21,150.59,39.84,856.1,45.83,11.64,0.08867881130857967,NO,NO,0,NO,NO,NO,NO,NO,NO,6.188436191206036,4.336389334084937,59.31047942387906,0.1521459083713053,1.5690093883346026,28.44353975412406
L005,25.54,149.92,40.69,854.12,46.22,12.03,0.08862502125640864,NO,NO,0,NO,NO,NO,NO,NO,NO,27.260008908426403,3.3180680869143764,7.455567771864222,1.1768877812367395,25.608930370760906,35.18053708079735
L029,24.67,148.11,37.37,839.85,43.34,11.97,0.08733932040730726,NO,NO,0,NO,NO,NO,NO,NO,NO,0.02878668350304121,6.687638229533977,33.10599583310955,1.089983312503007,10.441611373325719,48.64598456802469
L051,24.0,143.91,36.63,826.63,41.67,12.27,0.07813888682868865,NO,NO,0,NO,NO,NO,NO,NO,NO,12.767351263841531,5.267955658471895,22.16490370341271,5.194905491412232,13.127992281162891,41.47689160169874
L070,25.12,152.0,42.22,857.56,46.31,12.14,0.07362558734206998,NO,NO,0,NO,NO,NO,NO,NO,NO,2.1311913557108655,1.4720302935844434,24.131595591662634,3.4212998897572575,17.595699314692236,51.248183554592565
L064,24.61,143.46,36.56,832.08,43.09,12.5,0.07328789486194924,NO,NO,0,NO,NO,NO,NO,NO,NO,34.87952926235849,17.731277109844722,4.5393060562295435,5.082618723607907,2.0137733821669186,35.75349546579241
L043,23.19,136.52,31.04,799.55,38.86,13.01,0.06659848722333263,NO,SI,1,NO,NO,NO,SI,NO,NO,0.46396349295012496,13.126751151715993,33.661058770079954,47.62288527536466,4.578810992679729,0.5465303172095288
L042,26.18,160.7,46.53,881.03,49.34,11.53,0.06497534433646351,NO,NO,0,NO,NO,NO,NO,NO,NO,2.098299489886062,0.4316510673272835,47.231769343958675,0.006860116159091628,0.07295959121851758,50.15846039145038
L065,25.28,153.13,40.52,854.95,46.0,12.13,0.06294586791745033,NO,NO,0,NO,NO,NO,NO,NO,NO,14.950965122476335,18.635423928280737,6.727783782766249,0.7559770724843318,16.38306421603953,42.54678587795282
L027,24.86,150.22,41.04,841.51,44.36,12.06,0.06073551620693826,NO,NO,0,NO,NO,NO,NO,NO,NO,1.7301313398955591,11.702663129691944,44.68907172536561,37.85172712676439,1.717458447304998,2.3089482309775176
L048,24.1,141.52,34.92,816.38,41.47,12.6,0.05955665501628674,NO,NO,0,NO,NO,NO,NO,NO,NO,12.907534092206985,0.03414262723548834,4.5670686957202005,79.20150340950835,0.920924041350153,2.3688271339788147
L058,25.3,149.37,40.38,854.43,45.66,12.13,0.057277780153887674,NO,NO,0,NO,NO,NO,NO,NO,NO,8.704325378138352,5.678990250218607,5.885685977205283,5.24870211999423,16.292526024155816,58.18977025028771
L055,24.59,144.37,36.06,832.37,43.32,12.24,0.05712304590879066,NO,NO,0,NO,NO,NO,NO,NO,NO,26.949944006031426,7.3462875067132725,40.55538465304256,9.875941896109289,6.76672777024222,8.505714167861228
L069,25.23,150.49,41.24,851.88,46.32,12.02,0.0567264809096176,NO,NO,0,NO,NO,NO,NO,NO,NO,1.0814016400104387,5.917253969454083,0.12532342568911986,8.483737474084446,57.05273082900109,27.339552661760823
L059,24.57,147.82,38.7,836.58,43.78,12.4,0.05162344516526002,NO,NO,0,NO,NO,NO,NO,NO,NO,0.024535297577743274,19.516792849437895,9.098729469387674,8.850026269733618,4.703756021877284,57.806160091985774
L041,25.01,147.85,41.27,852.26,44.92,11.97,0.05101390268222086,NO,NO,0,NO,NO,NO,NO,NO,NO,5.412937063141014,77.71621846179399,13.614229570592835,0.7480668276689563,1.8171163515625877,0.6914317252406124
L028,24.16,144.7,36.09,835.25,41.59,12.41,0.0500905177060052,NO,NO,0,NO,NO,NO,NO,NO,NO,1.2194602273313158,18.163557409144758,0.8728162178765982,35.536490370974064,43.44871763619636,0.7589581384768912
L036,25.24,152.07,40.88,851.53,46.45,11.82,0.046393490794140894,NO,NO,0,NO,NO,NO,NO,NO,NO,0.7715354571750713,0.02982451453364131,15.66432417320839,41.59121928249675,40.47446755647612,1.4686290161100342
L013,25.28,152.24,40.7,853.11,45.31,12.14,0.046292309482475306,NO,NO,0,NO,NO,NO,NO,NO,NO,28.016873015862235,12.407321698338079,1.233393784964777,0.002759062260687965,0.010796948230012208,58.32885549034421
L061,24.33,147.52,38.01,834.88,43.76,12.26,0.04470911686134637,NO,NO,0,NO,NO,NO,NO,NO,NO,19.709255265330793,42.46999264276612,6.282626250207989,6.123171006533602,25.016684235179575,0.39827059998191217
L031,24.06,142.42,36.16,832.6,42.41,12.29,0.04008555246661433,NO,NO,0,NO,NO,NO,NO,NO,NO,16.801128045395963,13.696491144519614,4.311503430685985,13.074451927501274,1.4345338114526622,50.681891640444505
L044,25.18,151.43,39.83,852.24,45.64,12.04,0.03612533263617942,NO,NO,0,NO,NO,NO,NO,NO,NO,6.1989876348076995,4.903469826456125,51.35461594593424,0.4388479726812292,19.83463342225099,17.269445197869707
L012,25.56,156.19,42.2,861.19,46.75,11.9,0.03537916557632221,NO,NO,0,NO,NO,NO,NO,NO,NO,23.959957141469868,37.083072605256454,0.26152764403613343,2.693093320437651,0.37877972839337465,35.623569560406516
L008,25.01,150.19,39.79,847.68,45.03,11.88,0.034744512830036246,NO,NO,0,NO,NO,NO,NO,NO,NO,0.7407052115156235,0.37592476225945987,18.71328749151544,11.805061668148356,1.5054555075983178,66.8595653589628
L049,24.32,145.55,38.28,839.88,43.41,12.36,0.03465213187149383,NO,NO,0,NO,NO,NO,NO,NO,NO,22.44505784201426,0.054271543019128385,31.37490840421607,24.136399259582046,6.742471291271597,15.246891659896896
L007,24.4,145.5,36.96,832.64,41.98,12.33,0.0334681876003225,NO,NO,0,NO,NO,NO,NO,NO,NO,5.699938643037737,14.097933018199628,1.8279840351589336,1.658386265789919,75.3852370249817,1.3305210128320721
L021,25.28,152.87,42.42,858.7,46.84,11.68,0.033191257663088496,NO,NO,0,NO,NO,NO,NO,NO,NO,33.875494958937175,19.562941893621552,1.194411895238573,18.946990720428953,15.564286890932744,10.855873640841002
L009,25.16,154.11,41.93,856.68,46.56,11.75,0.03155628785895307,NO,NO,0,NO,NO,NO,NO,NO,NO,51.53710698588828,2.2351194613060845,0.014664033011936715,25.64024584749499,6.426881955529928,14.14598171676877
L033,25.52,153.3,41.65,857.29,46.63,11.66,0.028257778039805437,NO,NO,0,NO,NO,NO,NO,NO,NO,2.4141489500445483,0.6408002639326627,34.23723137626014,52.49516956276409,6.952583747327879,3.2600660996706785
L068,25.97,158.38,43.69,871.03,48.32,11.34,0.027911842534749515,NO,NO,0,NO,NO,NO,NO,NO,NO,3.8142689874511557,11.436063970481584,31.022707459635264,29.74933485347969,2.246155389592232,21.73146933936005
L023,25.86,156.56,43.22,866.85,47.15,11.51,0.018072284853838157,NO,NO,0,NO,NO,NO,NO,NO,NO,34.229406053220806,6.484980469657219,9.529884083357343,23.576997999478483,24.23105893712908,1.94767245715705
L010,24.73,147.15,37.87,841.23,43.69,12.19,0.012451128969284077,NO,NO,0,NO,NO,NO,NO,NO,NO,34.39987757207479,1.484443018344314,60.45407952178237,2.9827801428145184,0.6164877716452738,0.06233197333874081
L035,25.05,151.05,39.99,850.22,45.01,11.97,0.010141847797892229,NO,NO,0,NO,NO,NO,NO,NO,NO,0.004001935879688175,16.34105058947927,63.40635275248172,7.255613180125754,0.36781082330373066,12.625170718729837
